arm,k,cve_id,item,ai_label,ai_note,human_label,human_note
slice_grounded_full,1,CVE-2014-4611,8,plausible,,,
slice_grounded_full,2,CVE-2014-4014,9,over_restrictive,"capable() instead of capable_wrt_inode_uidgid: closes bypass, breaks userns-root chown",,
slice_grounded_full,3,CVE-2010-1152,12,plausible,,,
slice_grounded_full,4,CVE-2018-18349,16,over_restrictive,blocks about:/data: navigations too,,
slice_grounded_full,5,CVE-2013-4149,19,incorrect,structurally broken function,,
slice_grounded_full,6,CVE-2017-8934,20,plausible,,,
slice_grounded_full,7,CVE-2018-18586,21,incorrect,,,
slice_grounded_full,8,CVE-2016-4072,22,incorrect,,,
slice_grounded_full,9,CVE-2011-1833,26,over_restrictive,"uid check applied unconditionally, breaks root mounts",,
slice_grounded_full,10,CVE-2016-9777,29,incorrect,,,
slice_grounded_full,11,CVE-2018-7485,34,plausible,,,
slice_grounded_full,12,CVE-2017-8924,36,equivalent,condition operands reordered,,
slice_grounded_full,13,CVE-2016-2105,39,plausible,,,
slice_grounded_full,14,CVE-2012-2737,43,incorrect,,,
slice_grounded_full,15,CVE-2017-15906,44,incorrect,,,
slice_grounded_full,16,CVE-2016-8693,45,incorrect,reformatting only,,
slice_grounded_full,17,CVE-2019-15163,47,equivalent,,,
slice_grounded_full,18,CVE-2016-1631,49,incorrect,,,
slice_grounded_full,19,CVE-2016-5220,52,incorrect,Big-Vul fix unrelated to CVE,,
slice_grounded_full,20,CVE-2017-6892,54,plausible,,,
slice_grounded_full,21,CVE-2011-2200,55,incorrect,,,
slice_grounded_full,22,CVE-2015-8953,61,incorrect,,,
slice_grounded_full,23,CVE-2019-5759,65,equivalent,std::move to local vs swap,,
slice_grounded_full,24,CVE-2016-7126,67,plausible,,,
slice_grounded_full,25,CVE-2013-4270,70,incorrect,,,
slice_grounded_full,26,CVE-2012-6538,72,equivalent,,,
slice_grounded_full,27,CVE-2017-5552,76,incorrect,frees memory now owned by renderer (UAF),,
slice_grounded_full,28,CVE-2015-5232,77,incorrect,,,
slice_grounded_full,29,CVE-2018-10887,81,plausible,,,
slice_grounded_full,30,CVE-2017-13198,82,plausible,,,
slice_grounded_full,31,CVE-2017-13189,85,incorrect,,,
slice_grounded_full,32,CVE-2019-12111,90,equivalent,,,
slice_grounded_full,33,CVE-2013-0925,92,incorrect,"restructure only, no semantic change",,
slice_grounded_full,34,CVE-2016-6561,95,plausible,,,
slice_grounded_full,35,CVE-2014-3615,97,incorrect,,,
slice_grounded_full,36,CVE-2019-15903,98,incorrect,,,
slice_grounded_full,37,CVE-2017-5850,100,incorrect,,,
slice_grounded_full,38,CVE-2016-2482,102,incorrect,,,
slice_grounded_full,39,CVE-2013-6624,107,incorrect,,,
slice_grounded_full,40,CVE-2016-5357,108,incorrect,,,
slice_grounded_full,41,CVE-2018-11380,116,equivalent,identical except local variable name,,
slice_grounded_full,42,CVE-2018-14879,117,equivalent,,,
slice_grounded_full,43,CVE-2012-4565,119,plausible,,,
slice_grounded_full,44,CVE-2012-5156,124,incorrect,Big-Vul fix unrelated to CVE,,
slice_grounded_full,45,CVE-2016-3921,128,incorrect,,,
slice_grounded_full,46,CVE-2017-5940,129,plausible,,,
slice_grounded_full,47,CVE-2016-10251,135,plausible,,,
slice_grounded_full,48,CVE-2013-0911,137,plausible,,,
slice_grounded_full,49,CVE-2013-0839,141,incorrect,Big-Vul fix unrelated to CVE,,
slice_grounded_full,50,CVE-2016-3920,147,incorrect,,,
no_grounding_no_feedback,1,CVE-2014-4502,7,plausible,,,
no_grounding_no_feedback,2,CVE-2014-4611,8,plausible,,,
no_grounding_no_feedback,3,CVE-2018-18349,16,incorrect,,,
no_grounding_no_feedback,4,CVE-2016-7166,18,incorrect,,,
no_grounding_no_feedback,5,CVE-2013-4149,19,incorrect,structurally broken function,,
no_grounding_no_feedback,6,CVE-2017-8934,20,incorrect,,,
no_grounding_no_feedback,7,CVE-2018-18586,21,incorrect,,,
no_grounding_no_feedback,8,CVE-2018-6651,25,over_restrictive,exact origin match instead of suffix match: rejects valid configured origins,,
no_grounding_no_feedback,9,CVE-2018-16066,28,incorrect,,,
no_grounding_no_feedback,10,CVE-2016-9777,29,incorrect,,,
no_grounding_no_feedback,11,CVE-2019-15163,47,equivalent,,,
no_grounding_no_feedback,12,CVE-2017-13010,48,incorrect,"checks wire length, not captured length",,
no_grounding_no_feedback,13,CVE-2018-12232,50,incorrect,,,
no_grounding_no_feedback,14,CVE-2011-1180,60,equivalent,,,
no_grounding_no_feedback,15,CVE-2015-8953,61,incorrect,,,
no_grounding_no_feedback,16,CVE-2018-7648,63,plausible,,,
no_grounding_no_feedback,17,CVE-2019-5759,65,equivalent,,,
no_grounding_no_feedback,18,CVE-2016-7126,67,plausible,,,
no_grounding_no_feedback,19,CVE-2013-4270,70,plausible,,,
no_grounding_no_feedback,20,CVE-2012-6538,72,equivalent,,,
no_grounding_no_feedback,21,CVE-2017-5552,76,incorrect,,,
no_grounding_no_feedback,22,CVE-2017-16526,80,equivalent,,,
no_grounding_no_feedback,23,CVE-2017-13198,82,plausible,,,
no_grounding_no_feedback,24,CVE-2019-12111,90,equivalent,,,
no_grounding_no_feedback,25,CVE-2013-0925,92,incorrect,,,
no_grounding_no_feedback,26,CVE-2016-6561,95,plausible,,,
no_grounding_no_feedback,27,CVE-2014-3615,97,incorrect,,,
no_grounding_no_feedback,28,CVE-2017-5850,100,incorrect,,,
no_grounding_no_feedback,29,CVE-2016-2482,102,incorrect,,,
no_grounding_no_feedback,30,CVE-2013-6624,107,incorrect,,,
no_grounding_no_feedback,31,CVE-2016-5357,108,incorrect,,,
no_grounding_no_feedback,32,CVE-2018-11380,116,equivalent,same bound check inline instead of a local,,
no_grounding_no_feedback,33,CVE-2018-14879,117,equivalent,,,
no_grounding_no_feedback,34,CVE-2012-5156,124,incorrect,,,
no_grounding_no_feedback,35,CVE-2017-13007,126,equivalent,identical except local variable name,,
no_grounding_no_feedback,36,CVE-2016-3921,128,incorrect,,,
no_grounding_no_feedback,37,CVE-2017-5940,129,plausible,,,
no_grounding_no_feedback,38,CVE-2015-7804,132,incorrect,,,
no_grounding_no_feedback,39,CVE-2013-0911,137,incorrect,,,
no_grounding_no_feedback,40,CVE-2011-2895,148,plausible,,,
no_grounding_no_feedback,41,CVE-2013-2929,149,incorrect,,,
